time,seconds_elapsed,z,y,x
1772650724934496300,0.154496337890625,5.993422508239746,-2.8588249683380127,0.8662018179893494
1772650724944373500,0.16437353515625,5.875576019287109,-3.153740167617798,0.6981059908866882
1772650724954251000,0.1742509765625,5.740381717681885,-3.4917263984680176,0.3732803463935852
1772650724964128300,0.184128173828125,5.5830535888671875,-3.744169235229492,0.18125630915164948
1772650724974005500,0.194005615234375,5.493322372436523,-4.025924205780029,-0.061016976833343506
1772650724983882800,0.2038828125,5.319244861602783,-4.149752616882324,-0.21176479756832123
1772650724993760300,0.21376025390625,5.003392219543457,-4.103092670440674,-0.2231307178735733
1772650725003637500,0.223637451171875,4.6785664558410645,-3.981656789779663,-0.09451649338006973
1772650725013514800,0.2335146484375,4.030709743499756,-3.8662030696868896,0.01196411345154047
1772650725023392300,0.243392333984375,3.1232316493988037,-3.827319860458374,-0.06640082597732544
1772650725033269500,0.25326953125,2.1960129737854004,-3.706482172012329,-0.023330021649599075
1772650725043146800,0.263146728515625,1.1180464029312134,-3.680161237716675,-0.12921242415905
1772650725053024300,0.273024169921875,0.6191428303718567,-3.8913278579711914,-0.5539384484291077
1772650725062901500,0.282901611328125,0.19800607860088348,-4.003790378570557,-1.2041879892349243
1772650725072778800,0.29277880859375,-0.019740786403417587,-4.012763500213623,-1.5583257675170898
1772650725082656000,0.302656005859375,0.13220344483852386,-4.31306266784668,-1.5343974828720093
1772650725092533200,0.312533203125,0.7890332937240601,-4.85324239730835,-1.445863127708435
1772650725102410800,0.32241064453125,2.2893331050872803,-6.09751033782959,-1.4386845827102661
1772650725112288000,0.3322880859375,4.9154558181762695,-7.954938888549805,-1.1485549211502075
1772650725122165200,0.342165283203125,8.559724807739258,-10.195816993713379,-1.358525037765503
1772650725132042500,0.35204248046875,12.233903884887695,-12.20518970489502,-1.7473586797714233
1772650725141920000,0.361919921875,14.632110595703125,-13.653446197509766,-2.4777679443359375
1772650725151783400,0.371783447265625,16.288541793823242,-14.786447525024414,-4.359124660491943
1772650725161674500,0.381674560546875,17.672191619873047,-13.957334518432617,-6.31944465637207
1772650725171552000,0.391552001953125,20.415563583374023,-12.059825897216797,-6.266204357147217
1772650725181415400,0.40141552734375,24.098115921020508,-12.171690940856934,-5.20379114151001
1772650725191306500,0.411306396484375,27.451658248901367,-15.610774993896484,-5.18823766708374
1772650725201183700,0.421183837890625,31.22154998779297,-19.060626983642578,-2.1744775772094727
1772650725211047400,0.43104736328125,33.850067138671875,-23.92104721069336,-0.5569294691085815
1772650725220938500,0.4409384765625,31.51945686340332,-24.028127670288086,0.8991031050682068
1772650725230815700,0.450815673828125,26.426332473754883,-19.13001823425293,1.2681959867477417
1772650725240679400,0.460679443359375,21.583858489990234,-12.89791202545166,1.5583257675170898
1772650725250570500,0.470570556640625,16.78864097595215,-8.511868476867676,0.3978067636489868
1772650725260447700,0.48044775390625,13.206586837768555,-5.664409637451172,-0.8165507316589355
1772650725270311400,0.4903115234375,9.994820594787598,-4.3998026847839355,-1.277169108390808
1772650725280202200,0.5002021484375,7.277770042419434,-3.803989887237549,-0.7513462901115417
1772650725290079700,0.510079833984375,4.570889472961426,-2.162513494491577,-0.15074782073497772
1772650725299943200,0.519943115234375,1.9004993438720703,-0.4133601188659668,-0.037088751792907715
1772650725309834200,0.529834228515625,-0.6741777658462524,1.1748759746551514,-0.07477571070194244
1772650725319711700,0.539711669921875,-2.768495798110962,2.1888344287872314,-0.19621145725250244
1772650725329575200,0.5495751953125,-3.733999729156494,2.462214469909668,0.019142581149935722
1772650725339466200,0.55946630859375,-4.182055950164795,2.1930220127105713,-0.20039889216423035
1772650725349343500,0.569343505859375,-4.244269371032715,2.0673987865448,-0.39182472229003906
1772650725359207200,0.579207275390625,-4.064807415008545,2.038684844970703,-0.1824527233839035
1772650725369098200,0.58909814453125,-3.634697675704956,1.6354942321777344,0.129810631275177
1772650725378975500,0.5989755859375,-3.3445677757263184,0.7046862840652466,-0.05503492057323456
1772650725388852700,0.608852783203125,-2.8354947566986084,0.01375873014330864,0.0933200865983963
1772650725398730200,0.618730224609375,-2.5286152362823486,-0.7423732280731201,0.24287149310112
1772650725408607500,0.628607421875,-2.335394859313965,-1.3716856241226196,-0.028115665540099144
1772650725418471200,0.63847119140625,-2.121835470199585,-1.848455548286438,-0.6245267391204834
1772650725428362000,0.648362060546875,-1.709073543548584,-1.9052850008010864,-0.9966106414794922
1772650725438239500,0.658239501953125,-1.2897313833236694,-1.6713865995407104,-1.1174482107162476
1772650725448116700,0.66811669921875,-0.5718846321105957,-1.4297115802764893,-1.1132607460021973
1772650725457994000,0.677993896484375,0.2727817893028259,-1.3507484197616577,-1.6462619304656982
1772650725467871500,0.68787158203125,1.3142578601837158,-1.1210373640060425,-1.0139585733413696
1772650725477735000,0.69773486328125,2.7667012214660645,-0.8949156403541565,-0.11126625537872314
1772650725487626000,0.7076259765625,4.566701889038086,-0.5335994362831116,1.3363914489746094
1772650725497503200,0.717503173828125,6.184250354766846,-0.05024927482008934,3.1956145763397217
1772650725507367000,0.727366943359375,7.272386074066162,-0.737587571144104,2.431705951690674
1772650725517258000,0.737258056640625,8.359326362609863,-2.179861545562744,0.26919254660606384
1772650725527135200,0.74713525390625,9.41037368774414,-3.8877387046813965,-2.6602206230163574
1772650725536999000,0.7569990234375,13.02532958984375,-6.794419765472412,-4.735994338989258
1772650725546890000,0.766889892578125,19.225133895874023,-13.374083518981934,-7.303493022918701
1772650725556767200,0.776767333984375,22.32682991027832,-17.705093383789062,-10.027721405029297
1772650725566630700,0.786630615234375,23.046470642089844,-13.085150718688965,-8.297710418701172
1772650725576521700,0.796521728515625,17.157136917114258,-3.809971809387207,-6.147161483764648
1772650725586399200,0.806399169921875,11.657832145690918,-1.0133603811264038,-11.030314445495605
1772650725596262700,0.8162626953125,9.406784057617188,-2.595614433288574,-16.000205993652344
1772650725606153700,0.82615380859375,8.560322761535645,-4.813760757446289,-19.214963912963867
1772650725616031000,0.836031005859375,10.555936813354492,-6.884748935699463,-19.2873477935791
1772650725625894700,0.845894775390625,12.421142578125,-7.154539585113525,-17.056638717651367
1772650725635785700,0.85578564453125,13.03071403503418,-5.767899036407471,-13.348361015319824
1772650725645663000,0.8656630859375,14.024931907653809,-6.327221393585205,-12.87936782836914
1772650725655526700,0.875526611328125,15.07837200164795,-8.458029747009277,-13.83649730682373
1772650725665417700,0.885417724609375,13.225131034851074,-8.96650505065918,-14.941981315612793
1772650725675295000,0.895294921875,12.010174751281738,-8.26660442352295,-15.90688705444336
1772650725685158400,0.905158447265625,12.672389030456543,-9.883553504943848,-16.652849197387695
1772650725695049500,0.915049560546875,14.34437370300293,-11.711071968078613,-16.864614486694336
1772650725704927000,0.924927001953125,15.049657821655273,-13.687543869018555,-17.027923583984375
1772650725714790400,0.934790283203125,14.164313316345215,-13.126426696777344,-16.563716888427734
1772650725724681500,0.944681396484375,13.101302146911621,-12.07777214050293,-15.455241203308105
1772650725734559000,0.95455908203125,11.964113235473633,-10.816754341125488,-13.84786319732666
1772650725744422400,0.96442236328125,10.354940414428711,-9.56650447845459,-11.903694152832031
1772650725754313500,0.9743134765625,8.520243644714355,-8.34736156463623,-10.353145599365234
1772650725764190700,0.984190673828125,6.430710792541504,-7.103692054748535,-8.668598175048828
1772650725774054400,0.994054443359375,4.724628448486328,-6.19920539855957,-6.6245293617248535
1772650725783945500,1.003945556640625,2.8869404792785645,-5.426323413848877,-5.1768717765808105
1772650725793822700,1.01382275390625,1.0378868579864502,-5.045266628265381,-4.479962348937988
1772650725803686400,1.023686279296875,-0.9218349456787109,-4.7611188888549805,-4.657031059265137
1772650725813577500,1.033577392578125,-1.4925230741500854,-2.4640090465545654,-1.4213366508483887
1772650725823454700,1.043454833984375,-2.3443679809570312,-1.7653049230575562,-0.7962117195129395
1772650725833318400,1.053318359375,-2.7559335231781006,-0.7950153350830078,-0.15613168478012085
1772650725843209500,1.06320947265625,-3.142374277114868,0.4905286431312561,0.42293140292167664
1772650725853086700,1.073086669921875,-3.387040376663208,1.6301103830337524,1.2275179624557495
1772650725862950400,1.082950439453125,-3.7812578678131104,2.280359983444214,1.5601203441619873
1772650725872841200,1.09284130859375,-3.8979079723358154,2.740380048751831,1.3226326704025269
1772650725882718700,1.10271875,-3.8596229553222656,3.0065815448760986,0.6981059908866882
1772650725892582100,1.11258203125,-3.686143398284912,3.070589542388916,0.08195417374372482
1772650725902473200,1.12247314453125,-3.279961585998535,2.9066812992095947,-0.31345975399017334
1772650725912350500,1.1323505859375,-2.648256540298462,2.461616277694702,-0.42771705985069275
1772650725922228000,1.14222802734375,-1.679761528968811,1.7168502807617188,-0.3762713670730591
1772650725932105200,1.152105224609375,-0.7040880918502808,0.7304090857505798,-0.4103690981864929
1772650725941982500,1.161982421875,0.3445664644241333,-0.4145565330982208,-0.2883351147174835
1772650725951846100,1.17184619140625,1.2370892763137817,-1.2849457263946533,-0.3278166949748993
1772650725961737200,1.1817373046875,1.989033818244934,-1.8454644680023193,-0.623330295085907
1772650725971614500,1.191614501953125,2.458625316619873,-1.7850457429885864,-1.0133603811264038
1772650725981478100,1.20147802734375,2.675773859024048,-1.2717852592468262,-1.2987045049667358
1772650725991369200,1.211369140625,2.8869404792785645,-0.28115665912628174,-1.090528964996338
1772650726001246500,1.22124658203125,3.2416765689849854,0.623330295085907,-0.9098708033561707
1772650726011110000,1.23110986328125,3.614956855773926,1.2329018115997314,-0.1746760457754135
1772650726021001200,1.241001220703125,3.951148271560669,1.3070793151855469,0.722034215927124
1772650726030878500,1.25087841796875,4.273581027984619,0.6903293132781982,0.7082754969596863
1772650726040755700,1.260755615234375,4.272983074188232,0.20877377688884735,0.7722834944725037
1772650726050633000,1.270633056640625,3.699902057647705,-0.46420758962631226,0.44805604219436646
1772650726060510200,1.28051025390625,3.1920254230499268,-1.9154545068740845,-0.9655039310455322
1772650726070374000,1.290373779296875,2.2396819591522217,-2.6362924575805664,-2.6769702434539795
1772650726080265000,1.300264892578125,1.4398809671401978,-4.3788652420043945,-2.527418851852417
1772650726090142200,1.31014208984375,2.5489542484283447,-6.796214580535889,-3.555734395980835
1772650726100006000,1.320005859375,6.270989894866943,-9.094520568847656,-4.646861553192139
1772650726109897000,1.32989697265625,14.081761360168457,-12.067004203796387,-7.843074321746826
1772650726119774200,1.339774169921875,23.845075607299805,-15.156736373901367,-11.284551620483398
1772650726129638000,1.349637939453125,32.65903854370117,-17.795421600341797,-14.928820610046387
1772650726139529000,1.359529052734375,29.90789031982422,-14.924633026123047,-9.071788787841797
1772650726149406200,1.36940625,29.977880477905273,-15.51685619354248,-4.319643020629883
1772650726159269600,1.37926953125,24.560529708862305,-18.086748123168945,-6.546164512634277
1772650726169160700,1.38916064453125,20.02912139892578,-18.164514541625977,-9.698110580444336
1772650726179038200,1.3990380859375,16.777873992919922,-17.095521926879883,-13.04207992553711
1772650726188901600,1.408901611328125,16.26222038269043,-13.75214958190918,-11.620742797851562
1772650726198792700,1.418792724609375,17.04347801208496,-9.08853816986084,-8.623732566833496
1772650726208670000,1.428669921875,17.124235153198242,-8.288737297058105,-8.276773452758789
1772650726218533600,1.43853369140625,17.06381607055664,-8.595617294311523,-9.748359680175781
1772650726228424700,1.4484248046875,16.553546905517578,-8.797810554504395,-9.496515274047852
1772650726238302000,1.458302001953125,15.232110977172852,-9.58205795288086,-7.572685241699219
1772650726248165600,1.46816552734375,12.715459823608398,-9.979267120361328,-6.739983081817627
1772650726258056700,1.478056640625,9.733404159545898,-9.140582084655762,-6.634698867797852
1772650726267934000,1.487933837890625,8.02193832397461,-10.168299674987793,-5.893522262573242
1772650726277797600,1.497797607421875,6.1435723304748535,-9.704689979553223,-5.295316696166992
1772650726287688700,1.507688720703125,3.906881093978882,-8.039883613586426,-4.460221290588379
1772650726297566000,1.51756591796875,1.8526428937911987,-5.702096462249756,-3.3613176345825195
1772650726307429400,1.527429443359375,0.3810569941997528,-4.262813568115234,-2.4131617546081543
1772650726317320400,1.537320556640625,-0.4366901218891144,-3.2895328998565674,-2.0883359909057617
1772650726327198000,1.547197998046875,-1.5894324779510498,-2.324028968811035,-1.9674984216690063
1772650726337061400,1.557061279296875,-2.6327030658721924,-1.1300104856491089,-1.6115660667419434
1772650726346952400,1.566952392578125,-3.507878065109253,-0.07477571070194244,-0.9182456731796265
1772650726356829700,1.57682958984375,-4.006781578063965,0.7124629616737366,-0.18843477964401245
1772650726366693400,1.586693359375,-4.17427921295166,1.0648061037063599,0.3236292600631714
1772650726376584400,1.59658447265625,-4.2933220863342285,1.0265209674835205,0.35533416271209717
1772650726386461700,1.606461669921875,-4.234099864959717,0.99481600522995,0.2554338276386261
1772650726396339200,1.616339111328125,-4.121636867523193,0.8793623447418213,0.07956135272979736
1772650726406216400,1.626216552734375,-3.6909289360046387,0.5928218364715576,-0.3523431420326233
1772650726416093700,1.63609375,-3.0759735107421875,0.1339980661869049,-0.7148557901382446
1772650726425971000,1.645970947265625,-2.392822742462158,-0.5030909776687622,-0.7680960893630981
1772650726435848400,1.655848388671875,-1.5535401105880737,-1.089930772781372,-0.3768695592880249
1772650726445725700,1.6657255859375,-0.5587241053581238,-1.7234305143356323,0.1501496136188507
1772650726455589000,1.675589111328125,0.49351966381073,-2.565704107284546,0.46899324655532837
1772650726465480200,1.685480224609375,1.4793626070022583,-2.850450038909912,0.7447660565376282
1772650726475357700,1.695357666015625,1.9022940397262573,-2.74755859375,0.849452018737793
1772650726485221000,1.70522119140625,2.084148406982422,-2.455035924911499,0.7076773047447205
1772650726495112200,1.7151123046875,2.3054845333099365,-1.6821542978286743,0.3439682424068451
1772650726504989400,1.724989501953125,2.3706889152526855,-1.4763715267181396,-0.10887342691421509
1772650726514853000,1.73485302734375,2.6602206230163574,-1.8993029594421387,-0.5246263742446899
1772650726524744200,1.744744140625,2.874976396560669,-2.678765058517456,-1.3519448041915894
1772650726534621400,1.754621337890625,3.4923245906829834,-3.624528169631958,-2.9958138465881348
1772650726544485000,1.764485107421875,3.8733816146850586,-4.189234256744385,-4.9022955894470215
1772650726554376200,1.774376220703125,4.327419757843018,-3.7226338386535645,-6.676573276519775
1772650726564253400,1.78425341796875,5.003392219543457,-3.4055848121643066,-8.526823043823242
1772650726574117000,1.7941171875,7.774280548095703,-5.313262462615967,-10.354940414428711
1772650726584008200,1.80400830078125,13.778470993041992,-9.914660453796387,-12.201003074645996
1772650726593885400,1.813885498046875,18.09093475341797,-12.701701164245605,-14.073386192321777
1772650726603748900,1.823748779296875,21.21656036376953,-12.79023551940918,-13.557733535766602
1772650726613640200,1.83364013671875,20.800209045410156,-8.882157325744629,-11.241480827331543
1772650726623517400,1.843517333984375,18.323040008544922,-6.640681266784668,-13.13958740234375
1772650726633380900,1.853380859375,16.593626022338867,-8.415556907653809,-17.568702697753906
1772650726643272000,1.86327197265625,15.364314079284668,-11.047661781311035,-17.95932960510254
1772650726653149400,1.8731494140625,14.442479133605957,-10.98604679107666,-16.386648178100586
1772650726663026700,1.883026611328125,14.885151863098145,-10.466804504394531,-14.584254264831543
1772650726672904000,1.892904052734375,16.576278686523438,-11.225329399108887,-13.434502601623535
1772650726682781400,1.902781494140625,18.06222152709961,-11.197213172912598,-13.352548599243164
1772650726692658700,1.91265869140625,17.774484634399414,-9.795618057250977,-14.59741497039795
1772650726702536000,1.922535888671875,17.726030349731445,-8.999405860900879,-16.163516998291016
1772650726712413200,1.9324130859375,18.052650451660156,-9.800403594970703,-17.271991729736328
1772650726722276900,1.94227685546875,18.48036766052246,-11.627323150634766,-17.169099807739258
1772650726732168000,1.95216796875,18.35175323486328,-13.138989448547363,-16.274185180664062
1772650726742045200,1.962045166015625,17.72722625732422,-14.112269401550293,-14.970096588134766
1772650726751908900,1.971908935546875,16.313068389892578,-13.517653465270996,-12.32363510131836
1772650726761800000,1.981800048828125,13.14975643157959,-11.505289077758789,-9.363115310668945
1772650726771677200,1.99167724609375,10.03848934173584,-9.633503913879395,-6.928418159484863
1772650726781540900,2.001540771484375,7.204190731048584,-8.158329010009766,-5.405984401702881
1772650726791432000,2.011431884765625,3.6771702766418457,-5.258825778961182,-3.589832067489624
1772650726801309200,2.02130908203125,-0.16390834748744965,-2.306680917739868,-2.166102647781372
1772650726811172600,2.031172607421875,-2.967698335647583,-0.9499505758285522,-1.3621143102645874
1772650726821063700,2.041063720703125,-5.220541000366211,0.1094716340303421,-0.6969096064567566
1772650726830941200,2.050941162109375,-6.179464340209961,0.1010967567563057,-1.4775680303573608
1772650726840804600,2.0608046875,-6.573083877563477,-0.1657029688358307,-1.7569299936294556
1772650726850695700,2.07069580078125,-6.794419765472412,0.36610186100006104,-1.1826525926589966
1772650726860573000,2.080572998046875,-6.689733982086182,1.2729816436767578,-0.9559326171875
1772650726870436600,2.0904365234375,-6.903293132781982,2.4771697521209717,-1.1395817995071411
1772650726880327700,2.10032763671875,-6.970890522003174,3.8315072059631348,-1.1886346340179443
1772650726890205000,2.110204833984375,-6.32662296295166,3.8321053981781006,-1.3932210206985474
1772650726900082400,2.12008251953125,-5.255236625671387,2.9766714572906494,-1.472184181213379
1772650726909959700,2.129959716796875,-4.071985721588135,2.0685951709747314,-1.5912270545959473
1772650726919837000,2.1398369140625,-2.8522446155548096,1.0396814346313477,-1.8783657550811768
1772650726929700600,2.14970068359375,-1.6683956384658813,-0.006580262444913387,-2.2432711124420166
1772650726939591700,2.159591796875,-0.47557350993156433,-0.9577272534370422,-2.717050075531006
1772650726949469000,2.169468994140625,0.4253242313861847,-1.726421594619751,-2.6177480220794678
1772650726959332400,2.179332275390625,0.8249256014823914,-1.8233308792114258,-2.3988046646118164
1772650726969223700,2.1892236328125,1.2472587823867798,-1.311864972114563,-1.495514154434204
1772650726979101000,2.199100830078125,2.342573404312134,-0.3158525824546814,-1.0187442302703857
1772650726988964400,2.20896435546875,2.002194404602051,0.5060819983482361,-1.2167502641677856
1772650726998855400,2.21885546875,2.021935224533081,1.0157532691955566,-0.828514814376831
1772650727008733000,2.22873291015625,1.82273268699646,1.428515076637268,-0.49591249227523804
1772650727018596400,2.238596435546875,2.50289249420166,1.368694543838501,0.48095735907554626
1772650727028487400,2.2484873046875,2.720639228820801,1.012762188911438,-0.09511470049619675
1772650727038365000,2.258364990234375,2.4436700344085693,0.8309076428413391,-0.5539384484291077
1772650727048242200,2.2682421875,1.731805443763733,0.7914260625839233,-0.7106683254241943
1772650727058119400,2.278119384765625,1.2999008893966675,0.5551348328590393,-1.0019944906234741
1772650727067996700,2.28799658203125,1.3603196144104004,-0.0975075215101242,-0.9505487680435181
1772650727077874200,2.297874267578125,1.5397813320159912,-0.5790630578994751,-0.21236300468444824
1772650727087751400,2.30775146484375,2.0955145359039307,-2.375474691390991,-1.2352946996688843
1772650727097628700,2.317628662109375,4.11206579208374,-6.184250354766846,-3.253042459487915
1772650727107492400,2.327492431640625,7.251449108123779,-9.8207426071167,-4.392624378204346
1772650727117383400,2.337383544921875,10.222138404846191,-11.538190841674805,-4.579264163970947
1772650727127260700,2.3472607421875,15.023935317993164,-15.419947624206543,-5.303691387176514
1772650727137124000,2.3571240234375,19.841285705566406,-19.749759674072266,-6.187839508056641
1772650727147015200,2.36701513671875,22.6959228515625,-20.38086700439453,-5.982056617736816
1772650727156892700,2.376892578125,23.490339279174805,-22.153350830078125,-6.550950050354004
1772650727166756000,2.386756103515625,16.46860122680664,-17.669200897216797,-6.6418776512146
1772650727176647200,2.396647216796875,6.7932233810424805,-10.193424224853516,-6.589235305786133
1772650727186524400,2.4065244140625,10.807183265686035,-11.927024841308594,-8.583054542541504
1772650727196388000,2.41638818359375,14.642878532409668,-11.498709678649902,-9.29312515258789
1772650727206279200,2.426279052734375,16.244274139404297,-9.30867862701416,-8.611170768737793
1772650727216156400,2.436156494140625,17.954544067382812,-9.44626522064209,-7.688737392425537
1772650727226019800,2.446019775390625,20.693727493286133,-12.492328643798828,-8.252246856689453
1772650727235911000,2.455910888671875,22.474586486816406,-15.850057601928711,-8.851051330566406
1772650727245788400,2.465788330078125,21.346969604492188,-18.144773483276367,-10.210772514343262
1772650727255651800,2.47565185546875,17.730815887451172,-17.41615867614746,-12.480364799499512
1772650727265543000,2.48554296875,15.207584381103516,-16.0642147064209,-13.032508850097656
1772650727275420200,2.495420166015625,13.969298362731934,-15.341582298278809,-12.839886665344238
1772650727285283800,2.505283935546875,12.709477424621582,-13.989039421081543,-11.833703994750977
1772650727295175000,2.5151748046875,11.160722732543945,-11.580663681030273,-10.76830005645752
1772650727305052200,2.52505224609375,10.156933784484863,-10.610373497009277,-9.952347755432129
1772650727314915800,2.534915771484375,9.802796363830566,-9.329615592956543,-8.777471542358398
1772650727324807000,2.544806884765625,9.268598556518555,-8.540582656860352,-6.01675271987915
1772650727334684200,2.55468408203125,7.596613883972168,-6.681358814239502,-4.278367042541504
1772650727344547800,2.5645478515625,5.449653625488281,-4.941776752471924,-2.815753936767578
1772650727354439000,2.57443896484375,2.9312076568603516,-4.231706619262695,-2.899502754211426
1772650727364316200,2.584316162109375,0.7262216806411743,-3.4408788681030273,-2.8803603649139404
1772650727374179600,2.5941796875,-1.6809579133987427,-2.183450698852539,-2.1786649227142334
1772650727384070700,2.604070556640625,-3.404388427734375,-1.2299108505249023,-1.7653049230575562
1772650727393948200,2.6139482421875,-4.0145583152771,-0.8111668825149536,-1.6354942321777344
1772650727403811600,2.6238115234375,-4.464408874511719,-0.07776673883199692,-1.8418751955032349
1772650727413702700,2.63370263671875,-4.742574691772461,0.9134600162506104,-1.3692927360534668
1772650727423580000,2.643579833984375,-4.821537494659424,1.7018951177597046,-0.9505487680435181
1772650727433443600,2.653443603515625,-4.7234320640563965,2.328814744949341,-0.7860422134399414
1772650727443334700,2.663334716796875,-4.734797954559326,2.760719060897827,-0.5258227586746216
1772650727453212000,2.6732119140625,-4.529015064239502,2.788834810256958,-0.3768695592880249
1772650727463089400,2.68308935546875,-3.9702908992767334,2.204986095428467,-0.5132604837417603
1772650727472966700,2.692966552734375,-2.8893332481384277,1.2406785488128662,-0.5431707501411438
1772650727482844000,2.702843994140625,-1.34476637840271,-0.21954147517681122,-0.47916272282600403
1772650727492707600,2.71270751953125,0.08135596662759781,-1.333998680114746,-0.2967100143432617
1772650727502598700,2.7225986328125,1.1485549211502075,-1.5427724123001099,0.14416755735874176
1772650727512476000,2.732475830078125,1.6576279401779175,-0.9601200819015503,0.7818548083305359
1772650727522339300,2.74233935546875,1.770688772201538,-0.39601215720176697,0.8877372145652771
1772650727532230400,2.75223046875,1.8909281492233276,0.21355941891670227,1.4745769500732422
1772650727542108000,2.76210791015625,2.3162522315979004,0.24287149310112,1.6061822175979614
1772650727551971300,2.771971435546875,2.682354211807251,-0.34995031356811523,0.8027920126914978
1772650727561862400,2.7818623046875,2.703291416168213,-0.3116651475429535,0.5497509837150574
1772650727571739600,2.79173974609375,2.4059832096099854,-0.2799602448940277,-0.008973085321485996
1772650727581603300,2.801603271484375,2.0398812294006348,-0.3888336718082428,-0.7902296781539917
1772650727591494400,2.811494384765625,1.7754744291305542,-0.3332005441188812,-1.6169499158859253
1772650727601371600,2.82137158203125,1.2897313833236694,-0.3086741268634796,-2.3234307765960693
1772650727611235300,2.8312353515625,0.6281159520149231,-0.537188708782196,-3.087937593460083
1772650727621126400,2.84112646484375,0.6394818425178528,-0.8727820515632629,-4.237689018249512
1772650727631003600,2.851003662109375,1.872383713722229,-2.7415764331817627,-5.412564754486084
1772650727640867300,2.860867431640625,4.3483567237854,-6.485745906829834,-6.751348972320557
1772650727650758400,2.87075830078125,7.464410305023193,-11.291729927062988,-9.21834945678711
1772650727660635600,2.8806357421875,10.935797691345215,-15.026328086853027,-10.813763618469238
1772650727670499000,2.8904990234375,15.085550308227539,-16.987245559692383,-10.949556350708008
1772650727680390100,2.90039013671875,12.524033546447754,-10.841280937194824,-12.101101875305176
1772650727690267600,2.910267578125,12.839886665344238,-1.9513468742370605,-8.196614265441895
1772650727700131000,2.920131103515625,21.191434860229492,-0.760917603969574,-4.334598064422607
1772650727710022100,2.930022216796875,24.36431884765625,-2.3808584213256836,-6.417550563812256
1772650727719899400,2.9398994140625,19.61875343322754,-2.7152554988861084,-10.959127426147461
1772650727729763000,2.94976318359375,14.100305557250977,-6.564708709716797,-15.87278938293457
1772650727739654100,2.959654052734375,11.97188949584961,-10.65822982788086,-17.542978286743164
1772650727749531400,2.969531494140625,12.79322624206543,-13.74616813659668,-13.899907112121582
1772650727759395000,2.97939501953125,14.92283821105957,-15.784852981567383,-12.371491432189941
1772650727769286100,2.9892861328125,17.791234970092773,-18.355939865112305,-13.011570930480957
1772650727779163400,2.999163330078125,19.65105628967285,-16.48834228515625,-11.986845016479492
1772650727789026800,3.00902685546875,19.529022216796875,-11.94915771484375,-12.20638656616211
1772650727798918100,3.018918212890625,18.96132469177246,-9.638289451599121,-14.329418182373047
1772650727808795400,3.02879541015625,18.696918487548828,-10.13180923461914,-15.217155456542969
1772650727818658800,3.038658935546875,19.134206771850586,-11.92343521118164,-15.42892074584961
1772650727828550000,3.0485498046875,18.933807373046875,-13.092926979064941,-15.442679405212402
1772650727838427400,3.058427490234375,18.384654998779297,-13.147363662719727,-15.418750762939453
1772650727848290800,3.068290771484375,16.245471954345703,-12.151351928710938,-13.660026550292969
1772650727858182000,3.078181884765625,14.158331871032715,-9.835697174072266,-12.107682228088379
1772650727868059100,3.08805908203125,12.452847480773926,-7.35613489151001,-10.29452133178711
1772650727877922800,3.0979228515625,10.50209903717041,-5.754140377044678,-8.538188934326172
1772650727887814000,3.10781396484375,8.476573944091797,-4.47697114944458,-7.168298244476318
1772650727897691100,3.117691162109375,6.682555675506592,-3.824328899383545,-5.262415409088135
1772650727907554800,3.127554931640625,4.672584533691406,-3.38105845451355,-3.7124643325805664
1772650727917446000,3.13744580078125,2.4735803604125977,-2.7517459392547607,-2.881556749343872
1772650727927323100,3.1473232421875,0.019142581149935722,-2.3784656524658203,-3.0454649925231934
1772650727937186800,3.157186767578125,-2.5124638080596924,-1.7575281858444214,-2.7349963188171387
1772650727947078000,3.167077880859375,-4.83469820022583,-0.849452018737793,-2.366501569747925
1772650727956955100,3.176955078125,-6.927221775054932,-0.15553347766399384,-2.032104730606079
1772650727966818800,3.18681884765625,-8.46341323852539,0.4049852192401886,-2.207977056503296
1772650727976710000,3.1967099609375,-9.273384094238281,0.8297112584114075,-2.9341988563537598
1772650727986587100,3.206587158203125,-9.425328254699707,1.1096714735031128,-3.2267212867736816
1772650727996450800,3.216450927734375,-9.166305541992188,1.332203984260559,-3.0825538635253906
1772650728006341600,3.226341552734375,-8.774480819702148,1.4644074440002441,-3.0993034839630127
1772650728016219100,3.23621923828125,-8.11824893951416,1.592423439025879,-3.145963668823242
1772650728026096400,3.246096435546875,-6.772884368896484,1.2490534782409668,-3.183650493621826
1772650728035973600,3.2559736328125,-4.791627407073975,0.5706881880760193,-3.0957143306732178
1772650728045851100,3.26585107421875,-2.4323041439056396,0.2189432680606842,-2.609971284866333
1772650728055714600,3.275714599609375,0.009571290574967861,-0.2584248483181,-2.087737798690796
1772650728065605600,3.285605712890625,2.2480568885803223,-0.7884350419044495,-1.7617156505584717
1772650728075483000,3.29548291015625,3.728017568588257,-0.9355936646461487,-0.9649057388305664
1772650728085346600,3.3053466796875,4.5828537940979,-0.8327022790908813,0.21714866161346436
1772650728095237600,3.315237548828125,4.990829944610596,-0.4414757788181305,1.32921302318573
1772650728105115000,3.325114990234375,4.7264227867126465,0.22013968229293823,2.0476579666137695
1772650728114978600,3.334978515625,4.18863582611084,0.5060819983482361,2.4873390197753906
1772650728124869600,3.34486962890625,3.827319860458374,0.4372883439064026,1.6917256116867065
1772650728134747000,3.354746826171875,3.022135019302368,0.2392822653055191,0.9481559991836548
1772650728144624000,3.3646240234375,2.2779672145843506,0.46779683232307434,0.9367900490760803
1772650728154501600,3.374501708984375,1.561316728591919,0.5796613097190857,1.2077772617340088
1772650728164379000,3.38437890625,1.0348957777023315,0.2267199456691742,1.3968101739883423
1772650728174256000,3.394256103515625,0.737587571144104,-0.49591249227523804,1.5481562614440918
1772650728184133600,3.404133544921875,0.3278166949748993,-1.3621143102645874,1.1892328262329102
1772650728194011000,3.414010986328125,-0.2566302418708801,-2.389233350753784,0.7513462901115417
1772650728203874300,3.423874267578125,-0.4259224236011505,-4.0426740646362305,-0.4630111753940582
1772650728213765400,3.433765380859375,0.21595224738121033,-5.999404430389404,-2.8905298709869385
1772650728223643000,3.443642822265625,1.9555343389511108,-7.676175117492676,-5.088935375213623
1772650728233506300,3.45350634765625,4.639683246612549,-9.145966529846191,-6.1603217124938965
1772650728243397400,3.4633974609375,9.081958770751953,-11.331212043762207,-7.748558044433594
1772650728253274600,3.473274658203125,15.160923957824707,-16.632511138916016,-9.013762474060059
1772650728263138300,3.48313818359375,21.684955596923828,-21.604795455932617,-9.406784057617188
1772650728273029400,3.493029296875,24.13520622253418,-21.56292152404785,-11.084152221679688
1772650728282906600,3.50290673828125,21.652053833007812,-15.521642684936523,-12.678370475769043
1772650728292783900,3.512783935546875,17.705093383789062,-14.134403228759766,-9.968499183654785
1772650728302661400,3.522661376953125,12.68016529083252,-14.947962760925293,-7.21316385269165
1772650728312538600,3.53253857421875,8.717052459716797,-14.66381549835205,-11.168499946594238
1772650728322402000,3.542402099609375,7.5535430908203125,-11.019546508789062,-13.87478256225586
1772650728332293000,3.552293212890625,8.983254432678223,-8.74756145477295,-14.57049560546875
1772650728342170600,3.562170654296875,13.487144470214844,-8.096115112304688,-10.703095436096191
1772650728352034000,3.572033935546875,17.64766502380371,-9.167501449584961,-9.144769668579102
1772650728361925000,3.581925048828125,20.092531204223633,-12.102298736572266,-9.435498237609863
1772650728371802400,3.59180224609375,20.196619033813477,-14.947962760925293,-10.217352867126465
1772650728381666000,3.601666015625,18.3493595123291,-15.538990020751953,-10.683355331420898
1772650728391557000,3.61155712890625,15.981063842773438,-15.643077850341797,-10.41356372833252
1772650728401434400,3.621434326171875,14.721242904663086,-16.433307647705078,-11.782856941223145
1772650728411298000,3.631298095703125,14.057832717895508,-16.0701961517334,-11.97009563446045
1772650728421189000,3.641189208984375,13.009777069091797,-14.950355529785156,-11.426924705505371
1772650728431066400,3.65106640625,11.872588157653809,-13.551153182983398,-11.306086540222168
1772650728440929800,3.6609296875,11.123634338378906,-12.190235137939453,-9.875777244567871
1772650728450820900,3.67082080078125,10.838888168334961,-10.159326553344727,-8.139185905456543
1772650728460698400,3.680698486328125,9.851250648498535,-7.989036560058594,-6.223133563995361
1772650728470561800,3.690561767578125,8.218149185180664,-5.537590026855469,-5.37906551361084
1772650728480452900,3.700452880859375,6.089135646820068,-3.507878065109253,-3.814159393310547
1772650728490330000,3.710330078125,2.283350944519043,-0.802193820476532,-1.978864312171936
1772650728500193800,3.72019384765625,-0.7339983582496643,0.7794619798660278,-1.0133603811264038
1772650728510084900,3.7300849609375,-1.1078768968582153,-0.22851456701755524,-0.18963119387626648
1772650728519962000,3.739962158203125,-0.914058268070221,-1.7479569911956787,0.47557350993156433
1772650728529825800,3.74982568359375,-1.389631748199463,-1.9770697355270386,1.194616675376892
1772650728539716900,3.759716796875,-2.638087034225464,-1.4219348430633545,1.5912270545959473
1772650728549594000,3.769593994140625,-3.6436707973480225,-1.0295119285583496,1.0809576511383057
1772650728559457800,3.779457763671875,-3.7160534858703613,-0.7393822073936462,0.001794616924598813
1772650728569348900,3.789348876953125,-3.517449378967285,0.10468599200248718,-0.39122650027275085
1772650728579226000,3.79922607421875,-3.1411778926849365,0.38344982266426086,-0.7770691514015198
1772650728589103400,3.809103271484375,-2.7637102603912354,0.20518454909324646,-1.100698471069336
1772650728598980900,3.81898095703125,-2.472383975982666,-0.0029910283628851175,-1.3214362859725952
1772650728608858000,3.828858154296875,-2.1541385650634766,-0.0849452018737793,-1.5355939865112305
1772650728618735400,3.8387353515625,-1.7078771591186523,-0.06281159073114395,-1.649253010749817
1772650728628612600,3.848612548828125,-1.3860424757003784,0.13459627330303192,-1.5978072881698608
1772650728638490000,3.858489990234375,-0.8841479420661926,0.6526423692703247,-1.2550355195999146
1772650728648353500,3.868353515625,-0.15314064919948578,1.2855439186096191,-0.9236295223236084
1772650728658244600,3.87824462890625,0.6580262184143066,1.74496591091156,-0.5832505226135254
1772650728668121900,3.888121826171875,1.3519448041915894,2.197807550430298,-0.16869398951530457
1772650728677985500,3.897985595703125,1.4847464561462402,2.4430718421936035,0.02153540402650833
1772650728687876600,3.907876708984375,1.215553879737854,2.210968017578125,-0.18484555184841156
1772650728697753900,3.91775390625,1.0648061037063599,1.6552350521087646,-0.3978067636489868
1772650728707631000,3.927631103515625,1.062413215637207,1.0534402132034302,-0.45104706287384033
1772650728717508600,3.937508544921875,0.7076773047447205,0.46420758962631226,-1.079761266708374
1772650728727385900,3.9473857421875,0.5234299302101135,0.06161518394947052,-2.2983062267303467
1772650728737249300,3.957249267578125,0.22971096634864807,-0.06161518394947052,-4.070789337158203
1772650728747140400,3.967140380859375,0.7292127013206482,-0.5276173949241638,-5.170889854431152
1772650728757017900,3.977017822265625,1.6845471858978271,-1.908276081085205,-5.734997749328613
1772650728766881300,3.98688134765625,2.8737800121307373,-3.6424741744995117,-6.181857109069824
1772650728776772400,3.9967724609375,3.7399818897247314,-5.48793888092041,-6.713662147521973
1772650728786649900,4.00664990234375,4.606781959533691,-7.318448066711426,-7.162914752960205
1772650728796513300,4.01651318359375,5.755934715270996,-8.790034294128418,-7.5978102684021
1772650728806404400,4.026404296875,9.103493690490723,-11.060224533081055,-8.38265609741211
1772650728816281600,4.036281494140625,16.930416107177734,-15.708880424499512,-10.180862426757812
1772650728826145300,4.046145263671875,23.33660125732422,-16.160526275634766,-11.036295890808105
1772650728836036400,4.056036376953125,22.443479537963867,-6.705287456512451,-11.484352111816406
1772650728845913600,4.06591357421875,20.302501678466797,-1.4967105388641357,-10.793424606323242
1772650728855777300,4.07577734375,19.992033004760742,-1.7132610082626343,-11.376076698303223
1772650728865668400,4.08566845703125,19.589441299438477,-9.325428009033203,-15.345171928405762
1772650728875545600,4.095545654296875,17.273786544799805,-12.092727661132812,-16.966907501220703
1772650728885409000,4.105408935546875,15.312868118286133,-11.36650562286377,-16.800006866455078
1772650728895300000,4.115300048828125,14.428122520446777,-10.49073314666748,-17.71825408935547
1772650728905177600,4.125177490234375,15.067604064941406,-9.640084266662598,-19.111474990844727
1772650728915041000,4.135041015625,14.44188117980957,-6.936792850494385,-19.522441864013672
1772650728924932000,4.14493212890625,15.235699653625488,-5.3557353019714355,-19.436899185180664
1772650728934809600,4.1548095703125,15.838691711425781,-6.478567123413086,-18.58684730529785
1772650728944673000,4.164673095703125,16.652849197387695,-7.633702278137207,-15.87578010559082
1772650728954564000,4.174564208984375,15.573686599731445,-7.883752346038818,-13.324433326721191
1772650728964441600,4.184441650390625,13.783256530761719,-7.960920810699463,-11.71286678314209
1772650728974305000,4.194304931640625,12.18784236907959,-7.8382887840271,-10.97468090057373
1772650728984196000,4.204196044921875,10.468599319458008,-7.569694519042969,-10.125228881835938
1772650728994073300,4.2140732421875,8.645866394042969,-7.0923261642456055,-9.115457534790039
1772650729003937000,4.22393701171875,6.8033928871154785,-6.422336101531982,-8.135597229003906
1772650729013828000,4.233828125,4.9292144775390625,-5.702694416046143,-7.200003147125244
1772650729023705300,4.243705322265625,3.0526435375213623,-4.8777689933776855,-6.265007972717285
1772650729033569000,4.253569091796875,1.5936198234558105,-4.103092670440674,-5.4759745597839355
1772650729043460000,4.263460205078125,0.6837490797042847,-3.3074791431427,-4.942375183105469
1772650729053337300,4.27333740234375,-0.2715853750705719,-2.510669231414795,-4.327419757843018
1772650729063201000,4.283200927734375,-1.1802598237991333,-1.3908281326293945,-3.5922250747680664
1772650729073092000,4.293092041015625,-2.1607189178466797,-0.28893333673477173,-3.184846878051758
1772650729082969300,4.30296923828125,-2.8253252506256104,0.5814558863639832,-2.4406790733337402
1772650729092832800,4.312832763671875,-3.0628130435943604,1.194616675376892,-1.8293129205703735
1772650729102723800,4.322723876953125,-2.99222469329834,1.7922241687774658,-0.9918249845504761
1772650729112601300,4.332601318359375,-2.9485557079315186,2.355135679244995,-0.2111666053533554
1772650729122464800,4.34246484375,-3.3098719120025635,2.822932481765747,0.18065811693668365
1772650729132355800,4.35235595703125,-3.8847475051879883,3.2159535884857178,0.1501496136188507
1772650729142233000,4.362233154296875,-4.521836757659912,3.3786656856536865,-0.3613162338733673
1772650729152096800,4.3720966796875,-4.8191447257995605,3.259622573852539,-1.1838489770889282
1772650729161987800,4.38198779296875,-4.490131855010986,2.489732027053833,-2.079961061477661
1772650729171865000,4.391864990234375,-3.5341989994049072,1.6295121908187866,-2.5537400245666504
1772650729181728800,4.401728759765625,-2.328814744949341,1.189831018447876,-2.396411895751953
1772650729191619800,4.411619873046875,-0.8715856671333313,1.0085747241973877,-1.689931035041809
1772650729201497000,4.4214970703125,0.5994020700454712,0.8488538265228271,-0.7310073375701904
1772650729211360800,4.43136083984375,1.856830358505249,0.49651068449020386,0.600000262260437
1772650729221251800,4.441251953125,2.695514678955078,-0.3116651475429535,1.6103696823120117
1772650729231129000,4.451129150390625,3.5156545639038086,-1.532004714012146,1.8580267429351807
1772650729240992800,4.46099267578125,3.9702908992767334,-2.352742910385132,1.4979069232940674
1772650729250883800,4.4708837890625,3.865006685256958,-2.527418851852417,1.1377872228622437
1772650729260761000,4.480760986328125,3.500101327896118,-2.668595552444458,1.2789636850357056
1772650729270624500,4.49062451171875,3.177668571472168,-3.0753753185272217,1.5080764293670654
1772650729280515600,4.500515625,2.7397818565368652,-3.9906299114227295,0.48514479398727417
1772650729290393000,4.51039306640625,2.248655080795288,-4.756333351135254,-1.3615161180496216
1772650729300256500,4.520256591796875,1.8239290714263916,-5.617749214172363,-3.01196551322937
1772650729310147600,4.530147705078125,1.9728822708129883,-7.4979095458984375,-4.384847640991211
1772650729320025000,4.540025146484375,2.021935224533081,-8.493922233581543,-6.038288116455078
1772650729329888500,4.549888427734375,3.6598222255706787,-10.676774978637695,-9.031708717346191
1772650729339779600,4.559779541015625,9.903892517089844,-16.056438446044922,-13.422538757324219
1772650729349656800,4.56965673828125,17.288143157958984,-19.860427856445312,-15.014962196350098
1772650729359520500,4.5795205078125,23.112274169921875,-17.843875885009766,-9.385847091674805
1772650729369411600,4.58941162109375,21.366710662841797,-12.75793170928955,-3.5461630821228027
1772650729379288800,4.599288818359375,15.76152229309082,-8.927022933959961,-3.792623996734619
1772650729389152500,4.609152587890625,9.993623733520508,-9.181859016418457,-6.811768054962158
1772650729399043600,4.619043701171875,5.814558982849121,-10.045069694519043,-8.740981101989746
1772650729408920800,4.6289208984375,3.015554666519165,-9.038289070129395,-10.344172477722168
1772650729418784500,4.638784423828125,4.566103935241699,-13.055240631103516,-12.997214317321777
1772650729428675300,4.64867529296875,8.281558990478516,-16.19641876220703,-12.683754920959473
1772650729438552800,4.658552734375,12.251850128173828,-17.545372009277344,-9.815957069396973
1772650729448416300,4.668416259765625,15.220146179199219,-18.104095458984375,-7.4572319984436035
1772650729458307300,4.678307373046875,16.805391311645508,-17.204992294311523,-7.134200572967529
1772650729468184800,4.688184814453125,15.98166275024414,-15.16032600402832,-8.755337715148926
1772650729478048300,4.69804833984375,13.851451873779297,-13.890335083007812,-9.866206169128418
1772650729487939300,4.707939208984375,11.684751510620117,-13.26820182800293,-11.34377384185791
1772650729497816600,4.717816650390625,10.773683547973633,-12.853046417236328,-12.30269718170166
1772650729507680300,4.72768017578125,10.761719703674316,-13.549358367919922,-12.982258796691895
1772650729517571300,4.7375712890625,11.164312362670898,-13.690534591674805,-12.207582473754883
1772650729527448600,4.747448486328125,11.517253875732422,-13.602598190307617,-10.849058151245117
1772650729537312300,4.757312255859375,11.807981491088867,-13.438690185546875,-9.736993789672852
1772650729547203300,4.767203369140625,11.723036766052246,-12.756735801696777,-8.70209789276123
1772650729557080600,4.77708056640625,11.667403221130371,-12.190235137939453,-7.5804619789123535
1772650729566944300,4.7869443359375,10.908878326416016,-11.513066291809082,-6.760322093963623
1772650729576835300,4.79683544921875,9.189635276794434,-10.232906341552734,-6.135197162628174
1772650729586712600,4.806712646484375,8.675776481628418,-9.030512809753418,-4.59721040725708
1772650729596576000,4.816575927734375,7.289734363555908,-7.774878978729248,-3.224926710128784
1772650729606467300,4.82646728515625,5.3748779296875,-5.617151260375977,-1.7724833488464355
1772650729616344600,4.836344482421875,3.6604204177856445,-4.071387767791748,-0.6185446381568909
1772650729626208000,4.8462080078125,2.169093608856201,-3.1555347442626953,-0.2721835672855377
1772650729636099000,4.85609912109375,0.9427721500396729,-2.2923240661621094,-0.31405797600746155
1772650729645976600,4.8659765625,-0.1860419660806656,-0.7974081635475159,-0.18723836541175842
1772650729655840000,4.875840087890625,-1.485344648361206,1.215553879737854,0.25722843408584595
1772650729665731000,4.88573095703125,-2.819941520690918,2.953939437866211,0.7543373107910156
1772650729675608600,4.895608642578125,-3.5461630821228027,3.3403804302215576,0.2907279431819916
1772650729685472000,4.905471923828125,-4.0319061279296875,3.11246395111084,-0.7154539823532104
1772650729695363000,4.915363037109375,-4.598406791687012,3.0586254596710205,-1.3680963516235352
1772650729705240300,4.925240234375,-5.657230854034424,2.8486554622650146,-1.9962122440338135
1772650729715104000,4.93510400390625,-6.156134605407715,2.0679969787597656,-2.853440999984741
1772650729724995000,4.9449951171875,-6.487540245056152,1.074377417564392,-3.136990547180176
1772650729734872300,4.954872314453125,-6.4426751136779785,-0.061016976833343506,-3.6095728874206543
1772650729744736000,4.964736083984375,-6.027520179748535,-0.727418065071106,-3.9188451766967773
1772650729754626800,4.974626708984375,-5.401797294616699,-1.2083754539489746,-3.806382656097412
1772650729764504300,4.98450439453125,-4.25084924697876,-0.9427721500396729,-3.184846878051758
1772650729774367700,4.99436767578125,-2.8893332481384277,-0.21176479756832123,-2.572882652282715
1772650729784258800,5.0042587890625,-1.5170495510101318,0.5653043389320374,-1.6707884073257446
1772650729794136300,5.01413623046875,-0.5060819983482361,1.2921242713928223,-0.8554341197013855
1772650729803999700,5.023999755859375,0.4570291340351105,1.9250258207321167,-0.14835500717163086
1772650729813890800,5.033890869140625,1.339382529258728,1.9716858863830566,0.46061834692955017
1772650729823768000,5.04376806640625,1.76051926612854,1.4165509939193726,1.0671988725662231
1772650729833631700,5.0536318359375,1.5098711252212524,0.2787638306617737,1.1682956218719482
1772650729843522800,5.063522705078125,0.9302098155021667,-1.2574282884597778,0.6496513485908508
1772650729853400000,5.073400146484375,0.23748764395713806,-2.8486554622650146,-0.6137589812278748
1772650729863263700,5.083263671875,0.1663011759519577,-4.227519512176514,-2.383849620819092
1772650729873154800,5.09315478515625,0.9840483069419861,-4.872385025024414,-3.555136203765869
1772650729883032000,5.103031982421875,2.2235305309295654,-5.0638108253479,-4.106083869934082
1772650729892895700,5.112895751953125,4.043272018432617,-5.814558982849121,-4.764708042144775
1772650729902786800,5.122786865234375,6.558128833770752,-7.913662910461426,-5.755934715270996
1772650729912664000,5.1326640625,9.518050193786621,-9.768698692321777,-7.113861560821533
1772650729922527700,5.14252783203125,14.23550033569336,-13.418949127197266,-10.377073287963867
1772650729932418600,5.15241845703125,24.26142692565918,-17.358732223510742,-13.822738647460938
1772650729942296000,5.162296142578125,26.851058959960938,-13.694722175598145,-12.75195026397705
1772650729952159500,5.172159423828125,21.131017684936523,-4.001397609710693,-14.442479133605957
1772650729962050600,5.182050537109375,16.68634796142578,-2.124826431274414,-15.03589916229248
1772650729971928000,5.191927978515625,15.418152809143066,-4.800002098083496,-15.926029205322266
1772650729981791500,5.20179150390625,17.984455108642578,-6.749554634094238,-18.789640426635742
1772650729991682600,5.2116826171875,18.825532913208008,-7.453044414520264,-20.3629207611084
1772650730001559800,5.221559814453125,17.77867317199707,-8.044071197509766,-17.900705337524414
1772650730011423500,5.231423583984375,17.058433532714844,-7.456035137176514,-14.392230033874512
1772650730021314600,5.241314453125,16.165910720825195,-7.981259822845459,-12.267403602600098
1772650730031191800,5.25119189453125,16.825132369995117,-9.08853816986084,-12.082557678222656
1772650730041055500,5.261055419921875,17.41257095336914,-10.864012718200684,-13.948959350585938
1772650730050946600,5.270946533203125,17.77627944946289,-11.0835542678833,-14.132010459899902
1772650730060823800,5.28082373046875,18.2165584564209,-10.823933601379395,-13.046865463256836
1772650730070687200,5.290687255859375,18.601205825805664,-10.496116638183594,-12.065210342407227
1772650730080578600,5.30057861328125,18.602401733398438,-9.346364974975586,-11.312068939208984
1772650730090455800,5.310455810546875,17.54716682434082,-7.674978733062744,-10.944172859191895
1772650730100319200,5.3203193359375,16.07617950439453,-6.4079790115356445,-10.557731628417969
1772650730110210300,5.330210205078125,13.657034873962402,-4.990231513977051,-9.54377269744873
1772650730120087800,5.340087890625,11.4921293258667,-3.6119658946990967,-8.425128936767578
1772650730129951200,5.349951171875,8.756534576416016,-3.315255880355835,-6.50189733505249
1772650730139842300,5.35984228515625,5.796612739562988,-2.4634108543395996,-4.741377830505371
1772650730149719800,5.3697197265625,3.5054850578308105,-1.9992033243179321,-3.930211305618286
1772650730159583200,5.379583251953125,1.2532408237457275,-1.6253247261047363,-3.1244282722473145
1772650730169474300,5.389474365234375,0.06759724020957947,-1.3549357652664185,-2.7774689197540283
1772650730179351600,5.3993515625,-1.2293126583099365,-1.40279221534729,-2.7912275791168213
1772650730189215200,5.40921533203125,-2.671586513519287,-0.7334001660346985,-2.3234307765960693
1772650730199106300,5.419106201171875,-3.6496527194976807,-0.12083754688501358,-1.470389485359192
1772650730208983600,5.428983642578125,-4.223331928253174,0.29012975096702576,-0.924227774143219
1772650730218847200,5.43884716796875,-4.634897232055664,0.4743770956993103,-0.641276478767395
1772650730228738300,5.44873828125,-4.7712883949279785,0.6406782865524292,-0.6735795736312866
1772650730238615600,5.458615478515625,-4.999803066253662,0.6352944374084473,-1.444068431854248
1772650730248479200,5.468479248046875,-4.765904426574707,0.5389832854270935,-1.8610178232192993
1772650730258370000,5.4783701171875,-4.59421968460083,0.5862415432929993,-2.0338993072509766
1772650730268247600,5.48824755859375,-4.395615100860596,0.5306084156036377,-1.8819550275802612
1772650730278124800,5.498124755859375,-3.9810585975646973,0.27397820353507996,-1.721037745475769
1772650730288002000,5.508001953125,-3.279961585998535,0.19381862878799438,-1.4009976387023926
1772650730297879600,5.517879638671875,-2.1056840419769287,-0.09990034252405167,-0.8638089895248413
1772650730307743000,5.527742919921875,-0.7106683254241943,0.09571290761232376,-0.4061816334724426
1772650730317634000,5.537634033203125,0.5407779216766357,0.3415754437446594,0.16809579730033875
1772650730327511300,5.54751123046875,1.2406785488128662,0.5461617708206177,0.5754738450050354
1772650730337375000,5.557375,1.4033905267715454,0.5653043389320374,0.7363911867141724
1772650730347266000,5.56726611328125,1.5146567821502686,0.17347964644432068,0.8668000102043152
1772650730357143300,5.577143310546875,1.9435701370239258,-0.5563312768936157,1.0007981061935425
1772650730367007000,5.587007080078125,2.087737798690796,-1.3950155973434448,1.3022937774658203
1772650730376898000,5.59689794921875,1.9399809837341309,-1.8137595653533936,1.485344648361206
1772650730386775300,5.606775390625,1.771286964416504,-2.0171494483947754,1.7312071323394775
1772650730396652500,5.616652587890625,1.191625714302063,-1.6671991348266602,1.6348960399627686
1772650730406530000,5.626530029296875,0.6711867451667786,-1.2233306169509888,1.3746765851974487
1772650730416407300,5.6364072265625,0.24945175647735596,-1.2089736461639404,0.7758727669715881
1772650730426270700,5.646270751953125,0.18783657252788544,-1.6516457796096802,-0.37507495284080505
1772650730436161800,5.656161865234375,0.5144568681716919,-2.263011932373047,-2.1260228157043457
1772650730446039300,5.666039306640625,1.3549357652664185,-2.8893332481384277,-3.8530426025390625
1772650730455902700,5.67590283203125,2.434697151184082,-3.7286159992218018,-6.080760478973389
1772650730465793800,5.685793701171875,3.3780672550201416,-3.6735808849334717,-7.207779884338379
1772650730475671000,5.695671142578125,5.665007591247559,-5.60099983215332,-8.676374435424805
1772650730485534700,5.70553466796875,12.509078979492188,-10.324431419372559,-10.898110389709473
1772650730495425800,5.71542578125,24.933809280395508,-18.742382049560547,-12.028719902038574
1772650730505303000,5.725302978515625,33.3314208984375,-20.60698890686035,-11.257034301757812
1772650730515166700,5.735166748046875,30.64129066467285,-15.093326568603516,-9.544371604919434
1772650730525057800,5.745057861328125,24.40679168701172,-12.123833656311035,-6.308676719665527
1772650730534935000,5.75493505859375,19.16112518310547,-12.89910888671875,-7.536793231964111
1772650730544798700,5.764798828125,15.003596305847168,-10.149157524108887,-11.47657585144043
1772650730554689800,5.774689697265625,11.511271476745605,-10.166504859924316,-14.80379581451416
1772650730564567000,5.784567138671875,11.757134437561035,-11.918051719665527,-14.715261459350586
1772650730574430500,5.794430419921875,13.594223976135254,-12.52164077758789,-14.644672393798828
1772650730584321500,5.804321533203125,15.231512069702148,-13.704293251037598,-15.289538383483887
1772650730594199000,5.814198974609375,17.475980758666992,-13.954343795776367,-13.860424995422363
1772650730604062500,5.8240625,19.208982467651367,-13.588839530944824,-11.909676551818848
1772650730613953500,5.83395361328125,20.038692474365234,-13.62174129486084,-11.435897827148438
1772650730623830800,5.843830810546875,19.7736873626709,-13.60917854309082,-11.258829116821289
1772650730633694500,5.853694580078125,18.91466522216797,-12.981660842895508,-10.618748664855957
1772650730643585500,5.86358544921875,17.202001571655273,-12.005389213562012,-9.645467758178711
1772650730653462800,5.873462890625,15.948760986328125,-10.592427253723145,-8.542376518249512
1772650730663326500,5.883326416015625,14.243276596069336,-9.631111145019531,-7.587640762329102
1772650730673217500,5.893217529296875,12.418150901794434,-8.438887596130371,-6.3732829093933105
1772650730683094800,5.9030947265625,10.344172477722168,-7.29093074798584,-5.50229549407959
1772650730692958500,5.91295849609375,8.58784008026123,-6.014957904815674,-4.300500392913818
1772650730702849300,5.922849365234375,6.669992923736572,-5.216951370239258,-3.4133615493774414
1772650730712726800,5.932726806640625,4.639683246612549,-4.453042984008789,-3.0370900630950928
1772650730722590200,5.942590087890625,3.073580741882324,-3.8739798069000244,-2.4580271244049072
1772650730732481300,5.952481201171875,1.6689938306808472,-3.0215368270874023,-1.815554141998291
1772650730742358800,5.96235888671875,0.2267199456691742,-2.4987051486968994,-1.730010747909546
1772650730752222200,5.97222216796875,-0.8434699773788452,-1.6767704486846924,-1.1670992374420166
1772650730762113300,5.98211328125,-2.4191436767578125,-0.8171489238739014,-1.4273186922073364
1772650730771990500,5.991990478515625,-3.7674992084503174,0.24107688665390015,-1.2376874685287476
1772650730781854200,6.001854248046875,-4.845465660095215,1.1288141012191772,-0.8183453679084778
1772650730791745300,6.011745361328125,-5.411966800689697,1.1653046607971191,-0.7692924737930298
1772650730801622500,6.02162255859375,-5.411368370056152,1.0199406147003174,-0.9655039310455322
1772650730811486200,6.031486328125,-5.401797294616699,0.898504912853241,-1.176072359085083
1772650730821377000,6.041376953125,-5.296513080596924,0.8392825126647949,-1.4739787578582764
1772650730831254500,6.051254638671875,-4.8089752197265625,0.623330295085907,-1.7617156505584717
1772650730841131800,6.0611318359375,-4.041477680206299,0.36670008301734924,-1.9316060543060303
1772650730851009000,6.071009033203125,-3.1764719486236572,0.22432711720466614,-1.9878374338150024
1772650730860886500,6.080886474609375,-2.1337995529174805,0.16510476171970367,-1.576271891593933
1772650730870750000,6.09075,-1.0462616682052612,0.3194418251514435,-0.8482556343078613
1772650730880641000,6.10064111328125,-0.15074782073497772,0.5856433510780334,-0.017946170642971992
1772650730890518300,6.110518310546875,1.046859860420227,0.6909275650978088,0.8057830333709717
1772650730900382000,6.1203818359375,1.8586249351501465,0.9206385016441345,1.3627125024795532
1772650730910273000,6.13027294921875,2.3371894359588623,1.058824062347412,1.922034740447998
1772650730920150300,6.140150390625,2.4574289321899414,0.9828519225120544,2.1511476039886475
1772650730930013700,6.150013671875,2.3198416233062744,0.6777670383453369,1.9567307233810425
1772650730939905000,6.159905029296875,1.6504493951797485,0.2997010350227356,1.0863415002822876
1772650730949782300,6.1697822265625,1.0193424224853516,0.05742774158716202,-0.12203395366668701
1772650730959645700,6.179645751953125,0.5551348328590393,-0.2111666053533554,-1.3160524368286133
1772650730969536800,6.189536865234375,0.7345965504646301,-0.727418065071106,-2.237887382507324
1772650730979414300,6.199414306640625,1.6271194219589233,-1.5080764293670654,-3.222533941268921
1772650730989277700,6.209277587890625,2.706282377243042,-2.5609183311462402,-4.78385066986084
1772650730999168800,6.219168701171875,3.5401811599731445,-3.0831520557403564,-5.886941909790039
1772650731009046000,6.2290458984375,5.290530681610107,-3.857828378677368,-6.767500877380371
1772650731018909700,6.23890966796875,7.752745151519775,-4.849055290222168,-7.6289167404174805
1772650731028800800,6.24880078125,10.660024642944336,-4.9022955894470215,-7.603193759918213
1772650731038678000,6.258677978515625,14.731412887573242,-5.459224700927734,-8.3300142288208
1772650731048541700,6.268541748046875,26.63450813293457,-10.012765884399414,-8.778069496154785
1772650731058432800,6.278432861328125,33.26621627807617,-15.735201835632324,-9.595816612243652
1772650731068310000,6.28831005859375,26.14218521118164,-9.30329418182373,-13.037294387817383
1772650731078173400,6.29817333984375,20.265413284301758,-1.5469598770141602,-10.018150329589844
1772650731088064500,6.308064453125,17.61835289001465,0.7232306599617004,-9.018548965454102
1772650731097942000,6.31794189453125,19.5338077545166,-2.4017956256866455,-9.830313682556152
1772650731107805400,6.327805419921875,23.082962036132812,-6.546762943267822,-11.68594741821289
1772650731117696500,6.337696533203125,23.383859634399414,-8.226524353027344,-11.288739204406738
1772650731127573800,6.34757373046875,21.634706497192383,-7.782655715942383,-9.337990760803223
1772650731137437400,6.3574375,18.559329986572266,-6.138786315917969,-7.529614448547363
1772650731147328500,6.36732861328125,15.482758522033691,-3.910470485687256,-6.302096843719482
1772650731157205800,6.377205810546875,12.619746208190918,-2.8701908588409424,-6.354140758514404
1772650731167069400,6.3870693359375,10.230513572692871,-2.3742783069610596,-6.92482852935791
1772650731176960300,6.396960205078125,8.526225090026855,-2.02492618560791,-6.6693949699401855
1772650731186837800,6.406837646484375,8.50289535522461,-1.9908283948898315,-6.348158359527588
1772650731196701200,6.416701171875,8.666205406188965,-3.3750762939453125,-6.463014125823975
1772650731206592300,6.42659228515625,9.145966529846191,-4.337589263916016,-6.281159400939941
1772650731216469800,6.4364697265625,9.012566566467285,-4.90827751159668,-5.776872158050537
1772650731226333200,6.446333251953125,8.425128936767578,-4.6438703536987305,-5.091328144073486
1772650731236224300,6.456224365234375,7.520641803741455,-3.985246181488037,-4.429712772369385
1772650731246101500,6.4661015625,6.637091636657715,-3.2518460750579834,-3.978665828704834
1772650731255965200,6.475965087890625,5.860620975494385,-2.510669231414795,-3.6735808849334717
1772650731265856300,6.485856201171875,5.1804609298706055,-1.9154545068740845,-3.3170504570007324
1772650731275733500,6.4957333984375,4.574478626251221,-1.262213945388794,-2.830709218978882
1772650731285597000,6.505596923828125,4.281357765197754,-0.7627122402191162,-2.3748764991760254
1772650731295488300,6.51548828125,4.202394962310791,-0.5724828243255615,-2.1260228157043457
1772650731305365500,6.525365478515625,4.343571186065674,-0.534795880317688,-1.9914265871047974
1772650731315242800,6.53524267578125,4.671388149261475,-0.6071787476539612,-1.730010747909546
1772650731325120000,6.5451201171875,5.106881618499756,-0.5964110493659973,-1.2263215780258179
1772650731334997500,6.55499755859375,5.494519233703613,-0.5958128571510315,-0.8225327730178833
1772650731344874800,6.564874755859375,5.705087184906006,-0.656829833984375,-0.7752745151519775
1772650731354752000,6.574751953125,5.766702651977539,-0.646660327911377,-0.768694281578064
1772650731364629200,6.584629150390625,6.008377552032471,-0.8949156403541565,-1.1389836072921753
1772650731374506800,6.5945068359375,6.497111797332764,-1.334596872329712,-1.6432709693908691
1772650731384384000,6.604384033203125,7.093522548675537,-1.8945173025131226,-2.0997018814086914
1772650731394261200,6.61426123046875,7.744968891143799,-2.4610180854797363,-2.2468605041503906
1772650731404125000,6.624125,8.414958953857422,-2.8450660705566406,-2.228316068649292
1772650731414016000,6.63401611328125,8.844470977783203,-3.2967114448547363,-2.5088746547698975
1772650731423893200,6.643893310546875,9.008378982543945,-3.865006685256958,-3.101696252822876
1772650731433756700,6.653756591796875,8.93958568572998,-4.342374801635742,-3.685544967651367
1772650731443647700,6.663647705078125,8.892925262451172,-4.651647090911865,-4.063611030578613
1772650731453525000,6.67352490234375,9.013762474060059,-4.944767951965332,-3.793820381164551
1772650731463388700,6.683388671875,9.55513858795166,-5.25762939453125,-3.799802303314209
1772650731473279700,6.69327978515625,10.049257278442383,-5.198407173156738,-3.5264222621917725
1772650731483157000,6.703156982421875,10.591829299926758,-5.104488849639893,-3.1166515350341797
1772650731493020700,6.713020751953125,10.981261253356934,-5.02432918548584,-2.8905298709869385
1772650731502911700,6.722911865234375,11.069197654724121,-4.804189682006836,-2.637488842010498
1772650731512789000,6.7327890625,11.033305168151855,-4.691727161407471,-2.524427890777588
1772650731522666200,6.742666259765625,10.837093353271484,-4.6271209716796875,-2.4598217010498047
1772650731532543500,6.75254345703125,10.442277908325195,-4.563112735748291,-2.5591237545013428
1772650731542421000,6.7624208984375,9.923633575439453,-4.478765964508057,-2.820539712905884
1772650731552298200,6.77229833984375,9.388239860534668,-4.429712772369385,-2.94975209236145
1772650731562175500,6.782175537109375,8.926424980163574,-4.3686957359313965,-2.882154941558838
1772650731572053000,6.792052978515625,8.57348346710205,-4.322035789489746,-2.6261229515075684
1772650731581930200,6.80193017578125,8.256434440612793,-4.280161380767822,-2.325225353240967
1772650731591807500,6.811807373046875,7.8664045333862305,-3.9972102642059326,-2.0003998279571533
1772650731601684700,6.821684814453125,7.566105365753174,-3.5736806392669678,-1.9914265871047974
1772650731611548400,6.83154833984375,7.3298139572143555,-3.1788649559020996,-2.292922258377075
1772650731621439500,6.841439453125,7.083951473236084,-2.7152554988861084,-2.3611178398132324
1772650731631316700,6.851316650390625,7.348358154296875,-2.9455647468566895,-2.3264217376708984
1772650731641194000,6.861194091796875,7.9005022048950195,-3.1166515350341797,-2.2648067474365234
1772650731651071500,6.871071533203125,8.544769287109375,-3.2404799461364746,-1.710868239402771
1772650731660948700,6.88094873046875,8.634500503540039,-3.1304101943969727,-1.6827524900436401
1772650731670826000,6.890825927734375,8.476573944091797,-2.8833513259887695,-1.7635103464126587
1772650731680703200,6.900703125,8.526823043823242,-2.9180471897125244,-1.672582983970642
